title,link,author,time,readCount
深入理解Java虚拟机----第一章：走进Java,https://blog.csdn.net/qq_36969257/article/details/81490008?ops_request_misc=%7B%22request%5Fid%22%3A%22158323893219726869020601%22%2C%22scm%22%3A%2220140713.130056874..%22%7D&request_id=158323893219726869020601&biz_id=0&utm_source=distribute.pc_search_result.none-task,Younger_zeng,2018-08-07 22:42:50,931
《疯狂Java讲义》第1章——Java语言概述与开发环境,https://blog.csdn.net/lidongjiayou/article/details/49976521?ops_request_misc=%7B%22request%5Fid%22%3A%22158323893219726869020601%22%2C%22scm%22%3A%2220140713.130056874..%22%7D&request_id=158323893219726869020601&biz_id=0&utm_source=distribute.pc_search_result.none-task,小李子每天进步一点点,2015-11-22 11:49:35,1546
JAVA中日期计算,https://blog.csdn.net/cxx0710163com/article/details/72922518?ops_request_misc=%7B%22request%5Fid%22%3A%22158323893219726869020601%22%2C%22scm%22%3A%2220140713.130056874..%22%7D&request_id=158323893219726869020601&biz_id=0&utm_source=distribute.pc_search_result.none-task,cxx0710163com,2017-06-08 16:28:38,2804
关于阅读源代码的误区《代码阅读方法与实践》,https://blog.csdn.net/ramacess/article/details/467886?ops_request_misc=&request_id=&biz_id=&utm_source=distribute.pc_search_result.none-task,ramacess,2005-08-30 14:32:00,4374
Java动态创建类,https://blog.csdn.net/liang_henry/article/details/50457093?ops_request_misc=%7B%22request%5Fid%22%3A%22158323893219726869020601%22%2C%22scm%22%3A%2220140713.130056874..%22%7D&request_id=158323893219726869020601&biz_id=0&utm_source=distribute.pc_search_result.none-task,liang_Henry,2016-01-04 17:12:25,4861
JAVA 教程,https://blog.csdn.net/tianjiliuhen/article/details/80524981?ops_request_misc=%7B%22request%5Fid%22%3A%22158323893219726869020601%22%2C%22scm%22%3A%2220140713.130056874..%22%7D&request_id=158323893219726869020601&biz_id=0&utm_source=distribute.pc_search_result.none-task,天际流痕,2018-05-31 15:31:39,4865
JAVA高端编程研发培训班 JAVA开发视频教程,https://blog.csdn.net/fengliaoai/article/details/89890139?ops_request_misc=%7B%22request%5Fid%22%3A%22158323893219726869020601%22%2C%22scm%22%3A%2220140713.130056874..%22%7D&request_id=158323893219726869020601&biz_id=0&utm_source=distribute.pc_search_result.none-task,fengliaoai,2019-05-07 10:55:17,4438
java微型贪吃蛇（1）Yard.java  Dir.java,https://blog.csdn.net/wuxinliulei/article/details/9315503?ops_request_misc=%7B%22request%5Fid%22%3A%22158323893219726869020601%22%2C%22scm%22%3A%2220140713.130056874..%22%7D&request_id=158323893219726869020601&biz_id=0&utm_source=distribute.pc_search_result.none-task,无心流泪,2013-07-12 22:17:59,2893
Java,https://blog.csdn.net/lilylvchen/article/details/49925787?ops_request_misc=%7B%22request%5Fid%22%3A%22158323893219726869020601%22%2C%22scm%22%3A%2220140713.130056874..%22%7D&request_id=158323893219726869020601&biz_id=0&utm_source=distribute.pc_search_result.none-task,百合银渊,2015-11-19 12:07:56,646
java EE与java SE的区分,https://blog.csdn.net/DATA8866/article/details/79954531?ops_request_misc=%7B%22request%5Fid%22%3A%22158323893219726869020601%22%2C%22scm%22%3A%2220140713.130056874..%22%7D&request_id=158323893219726869020601&biz_id=0&utm_source=distribute.pc_search_result.none-task,谁主沉浮---data,2018-04-15 22:35:57,25658
查看JAVA API以及JAVA源码的方法,https://blog.csdn.net/Applying/article/details/80575616?ops_request_misc=%7B%22request%5Fid%22%3A%22158323893219726869020601%22%2C%22scm%22%3A%2220140713.130056874..%22%7D&request_id=158323893219726869020601&biz_id=0&utm_source=distribute.pc_search_result.none-task,卤小蛋学编程,2018-06-05 01:27:07,21086
[Java基础]-- java类写入日志和定时删除日志,https://blog.csdn.net/high2011/article/details/50451216?ops_request_misc=%7B%22request%5Fid%22%3A%22158323893219726869020601%22%2C%22scm%22%3A%2220140713.130056874..%22%7D&request_id=158323893219726869020601&biz_id=0&utm_source=distribute.pc_search_result.none-task,highfei2011,2016-01-03 15:38:35,10114
Java Base,https://blog.csdn.net/longeremmy/article/details/77451040?ops_request_misc=%7B%22request%5Fid%22%3A%22158323893219726869020601%22%2C%22scm%22%3A%2220140713.130056874..%22%7D&request_id=158323893219726869020601&biz_id=0&utm_source=distribute.pc_search_result.none-task,longeremmy,2017-08-21 16:09:33,3085
java操作ini文件,https://blog.csdn.net/Mr__fang/article/details/42030071?ops_request_misc=%7B%22request%5Fid%22%3A%22158323893219726869020601%22%2C%22scm%22%3A%2220140713.130056874..%22%7D&request_id=158323893219726869020601&biz_id=0&utm_source=distribute.pc_search_result.none-task,Mr__fang,2014-12-19 17:33:40,2953
java生成电子签章,https://blog.csdn.net/weixin_42529125/article/details/80785351?ops_request_misc=%7B%22request%5Fid%22%3A%22158323893219726869020601%22%2C%22scm%22%3A%2220140713.130056874..%22%7D&request_id=158323893219726869020601&biz_id=0&utm_source=distribute.pc_search_result.none-task,weixin_42529125,2018-06-23 17:32:56,6676
多重背包（二进制优化）+分组背包,https://blog.csdn.net/limchiang/article/details/8118495?ops_request_misc=&request_id=&biz_id=&utm_source=distribute.pc_search_result.none-task,limchiang,2012-10-27 15:04:53,661
我该用 Java 12 还是坚持 Java 11？,https://blog.csdn.net/csdnnews/article/details/83753246?ops_request_misc=&request_id=&biz_id=&utm_source=distribute.pc_search_result.none-task,CSDN资讯,2018-11-05 17:08:59,76929
SpringBoot 实战：如何从零开发 “淘宝”,https://blog.csdn.net/shiyanlou_chenshi/article/details/104634315?ops_request_misc=&request_id=&biz_id=&utm_source=distribute.pc_search_result.none-task,实验楼,2020-03-03 15:55:03,30
java标准库类,https://blog.csdn.net/weixin_43832230/article/details/84582501?ops_request_misc=%7B%22request%5Fid%22%3A%22158323893219726869020601%22%2C%22scm%22%3A%2220140713.130056874..%22%7D&request_id=158323893219726869020601&biz_id=0&utm_source=distribute.pc_search_result.none-task,@XiaoMing,2018-11-28 13:05:03,1810
Java画图软件制作,https://blog.csdn.net/qq_33188572/article/details/79514546?ops_request_misc=%7B%22request%5Fid%22%3A%22158323893219726869020601%22%2C%22scm%22%3A%2220140713.130056874..%22%7D&request_id=158323893219726869020601&biz_id=0&utm_source=distribute.pc_search_result.none-task,WOOD_城,2018-03-11 11:06:53,4933
Java Date时间的处理-Date工具类,https://blog.csdn.net/baidu_29701003/article/details/78297885?ops_request_misc=%7B%22request%5Fid%22%3A%22158331975819724835823974%22%2C%22scm%22%3A%2220140713.130056874..%22%7D&request_id=158331975819724835823974&biz_id=0&utm_source=distribute.pc_search_result.none-task,左本,2017-10-20 17:39:18,1727
Java学习路线,https://blog.csdn.net/u014472711/article/details/52296045?ops_request_misc=%7B%22request%5Fid%22%3A%22158331975819724835823974%22%2C%22scm%22%3A%2220140713.130056874..%22%7D&request_id=158331975819724835823974&biz_id=0&utm_source=distribute.pc_search_result.none-task,暖阳_晴天,2016-08-24 00:48:47,3503
Java版本的分类区别,https://blog.csdn.net/zhang123bl/article/details/80597662?ops_request_misc=%7B%22request%5Fid%22%3A%22158331975819724835823974%22%2C%22scm%22%3A%2220140713.130056874..%22%7D&request_id=158331975819724835823974&biz_id=0&utm_source=distribute.pc_search_result.none-task,曾经有人跟我说,2018-06-06 17:05:37,857
Java获取当前操作系统的信息,https://blog.csdn.net/u013007900/article/details/50428943?ops_request_misc=%7B%22request%5Fid%22%3A%22158331975819724835823974%22%2C%22scm%22%3A%2220140713.130056874..%22%7D&request_id=158331975819724835823974&biz_id=0&utm_source=distribute.pc_search_result.none-task,SuPhoebe,2015-12-29 19:44:56,9405
java多线程写入同一文件,https://blog.csdn.net/iteye_4596/article/details/82103102?ops_request_misc=%7B%22request%5Fid%22%3A%22158331975819724835823974%22%2C%22scm%22%3A%2220140713.130056874..%22%7D&request_id=158331975819724835823974&biz_id=0&utm_source=distribute.pc_search_result.none-task,iteye_4596,2011-08-05 15:40:34,298
java + 省市区的数据结构划分,https://blog.csdn.net/dapyandxpy/article/details/72823378?ops_request_misc=%7B%22request%5Fid%22%3A%22158331975819724835823974%22%2C%22scm%22%3A%2220140713.130056874..%22%7D&request_id=158331975819724835823974&biz_id=0&utm_source=distribute.pc_search_result.none-task,JM_杰,2017-05-31 20:07:04,3258
java实现截图和保存,https://blog.csdn.net/gundumw100/article/details/83481804?ops_request_misc=%7B%22request%5Fid%22%3A%22158331975819724835823974%22%2C%22scm%22%3A%2220140713.130056874..%22%7D&request_id=158331975819724835823974&biz_id=0&utm_source=distribute.pc_search_result.none-task,gundumw100,2009-10-23 13:50:17,391
改变java程序进程名,https://blog.csdn.net/chengpan168/article/details/83639589?ops_request_misc=%7B%22request%5Fid%22%3A%22158331975819724835823974%22%2C%22scm%22%3A%2220140713.130056874..%22%7D&request_id=158331975819724835823974&biz_id=0&utm_source=distribute.pc_search_result.none-task,chengpan168,2010-06-06 12:49:11,463
上机题目（初级）- Java网络操作-打印网页（Java）,https://blog.csdn.net/yayun0516/article/details/50733186?ops_request_misc=%7B%22request%5Fid%22%3A%22158331975819724835823974%22%2C%22scm%22%3A%2220140713.130056874..%22%7D&request_id=158331975819724835823974&biz_id=0&utm_source=distribute.pc_search_result.none-task,yayun0516,2016-02-24 20:08:09,1560
java 按照中文首字母排序,https://blog.csdn.net/xyuan_07/article/details/49467841?ops_request_misc=%7B%22request%5Fid%22%3A%22158331975819724835823974%22%2C%22scm%22%3A%2220140713.130056874..%22%7D&request_id=158331975819724835823974&biz_id=0&utm_source=distribute.pc_search_result.none-task,xyuan_07,2015-10-28 13:56:50,2094
java图片移动（键盘控制）,https://blog.csdn.net/wuxinliulei/article/details/9359173?ops_request_misc=%7B%22request%5Fid%22%3A%22158331975819724835823974%22%2C%22scm%22%3A%2220140713.130056874..%22%7D&request_id=158331975819724835823974&biz_id=0&utm_source=distribute.pc_search_result.none-task,无心流泪,2013-07-17 18:56:44,4783
Java上传头像时进行等比缩放,https://blog.csdn.net/daichangfu/article/details/83882765?ops_request_misc=%7B%22request%5Fid%22%3A%22158331975819724835823974%22%2C%22scm%22%3A%2220140713.130056874..%22%7D&request_id=158331975819724835823974&biz_id=0&utm_source=distribute.pc_search_result.none-task,daichangfu,2011-03-31 18:28:36,60
2017 JAVA方向实习要求汇总,https://blog.csdn.net/No_Endless/article/details/66017030?ops_request_misc=%7B%22request%5Fid%22%3A%22158331975819724835823974%22%2C%22scm%22%3A%2220140713.130056874..%22%7D&request_id=158331975819724835823974&biz_id=0&utm_source=distribute.pc_search_result.none-task,Juses_331,2017-03-25 22:40:18,4744
Java批量下载生成zip文件 ,https://blog.csdn.net/iteye_19137/article/details/81788522?ops_request_misc=%7B%22request%5Fid%22%3A%22158331975819724835823974%22%2C%22scm%22%3A%2220140713.130056874..%22%7D&request_id=158331975819724835823974&biz_id=0&utm_source=distribute.pc_search_result.none-task,iteye_19137,2009-10-31 00:26:04,252
Java教程,https://blog.csdn.net/qq_44037690/article/details/84936355?ops_request_misc=%7B%22request%5Fid%22%3A%22158331975819724835823974%22%2C%22scm%22%3A%2220140713.130056874..%22%7D&request_id=158331975819724835823974&biz_id=0&utm_source=distribute.pc_search_result.none-task,qq_44037690,2018-12-10 10:45:27,13932
java模拟多线程http请求,https://blog.csdn.net/net343/article/details/75460649?ops_request_misc=%7B%22request%5Fid%22%3A%22158331975819724835823974%22%2C%22scm%22%3A%2220140713.130056874..%22%7D&request_id=158331975819724835823974&biz_id=0&utm_source=distribute.pc_search_result.none-task,net343,2017-07-20 09:51:56,5031
用Java实现adb命令的各种方式,https://blog.csdn.net/qq_37217804/article/details/79639083?ops_request_misc=%7B%22request%5Fid%22%3A%22158331975819724835823974%22%2C%22scm%22%3A%2220140713.130056874..%22%7D&request_id=158331975819724835823974&biz_id=0&utm_source=distribute.pc_search_result.none-task,少问，多查，靠自己,2018-03-21 13:55:48,6759
java Date时间格式工具类DateUtil,https://blog.csdn.net/w410589502/article/details/54342192?ops_request_misc=%7B%22request%5Fid%22%3A%22158331975819724835823974%22%2C%22scm%22%3A%2220140713.130056874..%22%7D&request_id=158331975819724835823974&biz_id=0&utm_source=distribute.pc_search_result.none-task,天才小小布,2017-01-11 11:52:09,14259
java笔试题（一）,https://blog.csdn.net/u012828194/article/details/52371893?ops_request_misc=%7B%22request%5Fid%22%3A%22158331975819724835823974%22%2C%22scm%22%3A%2220140713.130056874..%22%7D&request_id=158331975819724835823974&biz_id=0&utm_source=distribute.pc_search_result.none-task,杨柳白帆,2016-08-30 18:22:16,1048
说说 Java 注解,https://blog.csdn.net/deniro_li/article/details/80761881?ops_request_misc=%7B%22request%5Fid%22%3A%22158331975819724835823974%22%2C%22scm%22%3A%2220140713.130056874..%22%7D&request_id=158331975819724835823974&biz_id=0&utm_source=distribute.pc_search_result.none-task,deniro_li,2018-06-21 16:00:38,692
JAVA知识点梳理第一部分——常规知识,https://blog.csdn.net/qq_32454537/article/details/77950177?ops_request_misc=%7B%22request%5Fid%22%3A%22158331976919725247613500%22%2C%22scm%22%3A%2220140713.130056874..%22%7D&request_id=158331976919725247613500&biz_id=0&utm_source=distribute.pc_search_result.none-task,DimpleMe,2017-09-12 21:48:21,1089
快速复习java,https://blog.csdn.net/dmbjzhh/article/details/80449439?ops_request_misc=%7B%22request%5Fid%22%3A%22158331976919725247613500%22%2C%22scm%22%3A%2220140713.130056874..%22%7D&request_id=158331976919725247613500&biz_id=0&utm_source=distribute.pc_search_result.none-task,dmbjzhh,2018-05-25 11:29:09,1246
java手机号码归属地查询,https://blog.csdn.net/u010391342/article/details/68062373?ops_request_misc=%7B%22request%5Fid%22%3A%22158331976919725247613500%22%2C%22scm%22%3A%2220140713.130056874..%22%7D&request_id=158331976919725247613500&biz_id=0&utm_source=distribute.pc_search_result.none-task,codeing_doc,2017-03-29 11:31:48,2516
[Java定时器]--定时器举例,https://blog.csdn.net/high2011/article/details/78204886?ops_request_misc=%7B%22request%5Fid%22%3A%22158331976919725247613500%22%2C%22scm%22%3A%2220140713.130056874..%22%7D&request_id=158331976919725247613500&biz_id=0&utm_source=distribute.pc_search_result.none-task,highfei2011,2017-10-11 16:08:38,1269
【Java_项目篇】--JAVA实现坦克大战游戏--修改BUG防止坦克重叠（六）,https://blog.csdn.net/qq_24653023/article/details/52301859?ops_request_misc=%7B%22request%5Fid%22%3A%22158331976919725247613500%22%2C%22scm%22%3A%2220140713.130056874..%22%7D&request_id=158331976919725247613500&biz_id=0&utm_source=distribute.pc_search_result.none-task,ACMer_Shadow,2016-08-24 16:40:15,4998
Java学习路线大纲（完整详细版）,https://blog.csdn.net/AOP_LIU/article/details/93751917?ops_request_misc=%7B%22request%5Fid%22%3A%22158331976919725247613500%22%2C%22scm%22%3A%2220140713.130056874..%22%7D&request_id=158331976919725247613500&biz_id=0&utm_source=distribute.pc_search_result.none-task,AOP_LIU,2019-06-26 17:18:55,3278
Java基础笔记1——变量、循环、数组,https://blog.csdn.net/weixin_42394052/article/details/85385864?ops_request_misc=%7B%22request%5Fid%22%3A%22158331976919725247613500%22%2C%22scm%22%3A%2220140713.130056874..%22%7D&request_id=158331976919725247613500&biz_id=0&utm_source=distribute.pc_search_result.none-task,Winyar Wen,2018-12-30 14:16:43,296
JAVA类C++指针使用,https://blog.csdn.net/u012919352/article/details/69947382?ops_request_misc=%7B%22request%5Fid%22%3A%22158331976919725247613500%22%2C%22scm%22%3A%2220140713.130056874..%22%7D&request_id=158331976919725247613500&biz_id=0&utm_source=distribute.pc_search_result.none-task,唯一本尊,2017-04-10 15:04:13,465
Java随机生成验证码，并且转化成图片,https://blog.csdn.net/wsk1103/article/details/52511198?ops_request_misc=%7B%22request%5Fid%22%3A%22158331976919725247613500%22%2C%22scm%22%3A%2220140713.130056874..%22%7D&request_id=158331976919725247613500&biz_id=0&utm_source=distribute.pc_search_result.none-task,wsk1103,2016-09-12 10:15:04,4132
Java类执行问题：java.lang.ClassNotFoundException,https://blog.csdn.net/Reallycold/article/details/79147520?ops_request_misc=%7B%22request%5Fid%22%3A%22158331976919725247613500%22%2C%22scm%22%3A%2220140713.130056874..%22%7D&request_id=158331976919725247613500&biz_id=0&utm_source=distribute.pc_search_result.none-task,Reallycold,2018-01-24 10:27:08,625
java爱好者,https://blog.csdn.net/liqing19850102/article/details/5400831?ops_request_misc=%7B%22request%5Fid%22%3A%22158331976919725247613500%22%2C%22scm%22%3A%2220140713.130056874..%22%7D&request_id=158331976919725247613500&biz_id=0&utm_source=distribute.pc_search_result.none-task,云雨巫山,2010-03-21 09:43:00,5108
JAVA自动发送邮件,https://blog.csdn.net/zhangxiong0301/article/details/84519772?ops_request_misc=%7B%22request%5Fid%22%3A%22158331976919725247613500%22%2C%22scm%22%3A%2220140713.130056874..%22%7D&request_id=158331976919725247613500&biz_id=0&utm_source=distribute.pc_search_result.none-task,zhangxiong0301,2014-01-13 17:43:36,176
Java2实用教程1-4章重点梳理,https://blog.csdn.net/hzx5200693/article/details/81228068?ops_request_misc=%7B%22request%5Fid%22%3A%22158331976919725247613500%22%2C%22scm%22%3A%2220140713.130056874..%22%7D&request_id=158331976919725247613500&biz_id=0&utm_source=distribute.pc_search_result.none-task,hzx5200693,2018-07-27 19:05:28,1980
Java实现时区转换的方法,https://blog.csdn.net/wanglq0086/article/details/61920364?ops_request_misc=%7B%22request%5Fid%22%3A%22158331976919725247613500%22%2C%22scm%22%3A%2220140713.130056874..%22%7D&request_id=158331976919725247613500&biz_id=0&utm_source=distribute.pc_search_result.none-task,wanglq0086,2017-03-13 16:26:29,1040
java 合并一个图片到另一个图片的轮廓,https://blog.csdn.net/daixinmei/article/details/51085575?ops_request_misc=%7B%22request%5Fid%22%3A%22158331976919725247613500%22%2C%22scm%22%3A%2220140713.130056874..%22%7D&request_id=158331976919725247613500&biz_id=0&utm_source=distribute.pc_search_result.none-task,戴新美,2016-04-07 14:20:23,3496
java中对图片进行压缩以及放大。,https://blog.csdn.net/iteye_2620/article/details/82450937?ops_request_misc=%7B%22request%5Fid%22%3A%22158331976919725247613500%22%2C%22scm%22%3A%2220140713.130056874..%22%7D&request_id=158331976919725247613500&biz_id=0&utm_source=distribute.pc_search_result.none-task,iteye_2620,2012-12-24 14:10:11,128
java资料,https://blog.csdn.net/weixin_39707894/article/details/79422259?ops_request_misc=%7B%22request%5Fid%22%3A%22158331976919725247613500%22%2C%22scm%22%3A%2220140713.130056874..%22%7D&request_id=158331976919725247613500&biz_id=0&utm_source=distribute.pc_search_result.none-task,e哥的成长录,2018-03-02 13:30:28,2307
Java课设：火车售票系统（代码）,https://blog.csdn.net/weixin_44372699/article/details/90523030?ops_request_misc=%7B%22request%5Fid%22%3A%22158331976919725247613500%22%2C%22scm%22%3A%2220140713.130056874..%22%7D&request_id=158331976919725247613500&biz_id=0&utm_source=distribute.pc_search_result.none-task,糖佬鸭,2019-05-24 21:11:11,5567
Java学习,https://blog.csdn.net/sinat_33731745/article/details/79058986?ops_request_misc=%7B%22request%5Fid%22%3A%22158331976919725247613500%22%2C%22scm%22%3A%2220140713.130056874..%22%7D&request_id=158331976919725247613500&biz_id=0&utm_source=distribute.pc_search_result.none-task,Tao-Tao-Tao,2018-01-14 20:38:21,1502
Java中带标签的break的用法,https://blog.csdn.net/mlj1668956679/article/details/17506997?ops_request_misc=%7B%22request%5Fid%22%3A%22158331976919725247613500%22%2C%22scm%22%3A%2220140713.130056874..%22%7D&request_id=158331976919725247613500&biz_id=0&utm_source=distribute.pc_search_result.none-task,mlj1668956679,2013-12-23 16:39:01,2906
java读取配置文件（properties方式）,https://blog.csdn.net/lwjlaser/article/details/83777497?ops_request_misc=%7B%22request%5Fid%22%3A%22158331978019725219951891%22%2C%22scm%22%3A%2220140713.130056874..%22%7D&request_id=158331978019725219951891&biz_id=0&utm_source=distribute.pc_search_result.none-task,lwjlaser,2010-12-10 11:38:43,303
Sftp java类的应用（包括密钥连接）,https://blog.csdn.net/qnzhl/article/details/84711681?ops_request_misc=%7B%22request%5Fid%22%3A%22158331978019725219951891%22%2C%22scm%22%3A%2220140713.130056874..%22%7D&request_id=158331978019725219951891&biz_id=0&utm_source=distribute.pc_search_result.none-task,qnzhl,2015-04-12 10:05:39,319
java递归方法,https://blog.csdn.net/qq_14994863/article/details/72869023?ops_request_misc=%7B%22request%5Fid%22%3A%22158331978019725219951891%22%2C%22scm%22%3A%2220140713.130056874..%22%7D&request_id=158331978019725219951891&biz_id=0&utm_source=distribute.pc_search_result.none-task,丿OATH,2017-06-05 17:01:54,840
java,https://blog.csdn.net/weixin_37404604/article/details/103347358?ops_request_misc=%7B%22request%5Fid%22%3A%22158331978019725219951891%22%2C%22scm%22%3A%2220140713.130056874..%22%7D&request_id=158331978019725219951891&biz_id=0&utm_source=distribute.pc_search_result.none-task,浦东_攻城狮,2019-12-02 16:21:07,130
Java UTC 时间,https://blog.csdn.net/paulsting/article/details/83710330?ops_request_misc=%7B%22request%5Fid%22%3A%22158331978019725219951891%22%2C%22scm%22%3A%2220140713.130056874..%22%7D&request_id=158331978019725219951891&biz_id=0&utm_source=distribute.pc_search_result.none-task,paulsting,2010-09-16 22:03:07,97
java 打印数组内容,https://blog.csdn.net/Ezreal_King/article/details/76998125?ops_request_misc=%7B%22request%5Fid%22%3A%22158331978019725219951891%22%2C%22scm%22%3A%2220140713.130056874..%22%7D&request_id=158331978019725219951891&biz_id=0&utm_source=distribute.pc_search_result.none-task,诸葛_瓜皮,2017-08-15 22:19:41,4729
[java][io][File]二进制文件读写,https://blog.csdn.net/philipho123/article/details/83890208?ops_request_misc=%7B%22request%5Fid%22%3A%22158331978019725219951891%22%2C%22scm%22%3A%2220140713.130056874..%22%7D&request_id=158331978019725219951891&biz_id=0&utm_source=distribute.pc_search_result.none-task,philipho123,2011-04-13 14:31:53,74
JAVA远程获取linux系统的信息,https://blog.csdn.net/gaga2284/article/details/70255264?ops_request_misc=%7B%22request%5Fid%22%3A%22158331978019725219951891%22%2C%22scm%22%3A%2220140713.130056874..%22%7D&request_id=158331978019725219951891&biz_id=0&utm_source=distribute.pc_search_result.none-task,gaga2284,2017-04-20 10:01:54,904
替换文件中某个字符串并写入新内容（Java代码实现）,https://blog.csdn.net/zhangphil/article/details/43987105?ops_request_misc=%7B%22request%5Fid%22%3A%22158331978019725219951891%22%2C%22scm%22%3A%2220140713.130056874..%22%7D&request_id=158331978019725219951891&biz_id=0&utm_source=distribute.pc_search_result.none-task,zhangphil,2015-02-28 16:26:03,12617
java入门到精通[java简介],https://blog.csdn.net/qq_44874626/article/details/103656992?ops_request_misc=%7B%22request%5Fid%22%3A%22158331978019725219951891%22%2C%22scm%22%3A%2220140713.130056874..%22%7D&request_id=158331978019725219951891&biz_id=0&utm_source=distribute.pc_search_result.none-task,QianCcc,2019-12-22 21:52:22,35
java调用shell，并得到shell的输出,https://blog.csdn.net/xingwang_ye/article/details/83936478?ops_request_misc=%7B%22request%5Fid%22%3A%22158331978019725219951891%22%2C%22scm%22%3A%2220140713.130056874..%22%7D&request_id=158331978019725219951891&biz_id=0&utm_source=distribute.pc_search_result.none-task,xingwang_ye,2011-05-26 15:31:38,98
java初接触,https://blog.csdn.net/gladysgaisy/article/details/103552680?ops_request_misc=%7B%22request%5Fid%22%3A%22158331978019725219951891%22%2C%22scm%22%3A%2220140713.130056874..%22%7D&request_id=158331978019725219951891&biz_id=0&utm_source=distribute.pc_search_result.none-task,gladysdaisy,2019-12-15 20:57:53,163
Java核心技术聚合,https://blog.csdn.net/qq_27870421/article/details/96278272?ops_request_misc=%7B%22request%5Fid%22%3A%22158331978019725219951891%22%2C%22scm%22%3A%2220140713.130056874..%22%7D&request_id=158331978019725219951891&biz_id=0&utm_source=distribute.pc_search_result.none-task,书香水墨,2019-07-17 10:13:52,166
Java图形化界面开发,https://blog.csdn.net/txlCandy/article/details/50985259?ops_request_misc=%7B%22request%5Fid%22%3A%22158331978019725219951891%22%2C%22scm%22%3A%2220140713.130056874..%22%7D&request_id=158331978019725219951891&biz_id=0&utm_source=distribute.pc_search_result.none-task,txlCandy,2016-03-26 09:04:52,1302
java系统属性,https://blog.csdn.net/kq1983/article/details/88777990?ops_request_misc=%7B%22request%5Fid%22%3A%22158331978019725219951891%22%2C%22scm%22%3A%2220140713.130056874..%22%7D&request_id=158331978019725219951891&biz_id=0&utm_source=distribute.pc_search_result.none-task,kq1983,2019-03-24 16:09:13,75
从零开始搭建Java环境,https://blog.csdn.net/xialei199023/article/details/63251250?ops_request_misc=%7B%22request%5Fid%22%3A%22158331978019725219951891%22%2C%22scm%22%3A%2220140713.130056874..%22%7D&request_id=158331978019725219951891&biz_id=0&utm_source=distribute.pc_search_result.none-task,HinyLover,2017-03-18 10:17:43,3694
Java入门,https://blog.csdn.net/williamHappy/article/details/54089386?ops_request_misc=%7B%22request%5Fid%22%3A%22158331978019725219951891%22%2C%22scm%22%3A%2220140713.130056874..%22%7D&request_id=158331978019725219951891&biz_id=0&utm_source=distribute.pc_search_result.none-task,williamhappy,2017-01-05 09:35:19,461
java程序读取properties配置文件中文乱码 ,https://blog.csdn.net/iteye_11864/article/details/82042497?ops_request_misc=%7B%22request%5Fid%22%3A%22158331978019725219951891%22%2C%22scm%22%3A%2220140713.130056874..%22%7D&request_id=158331978019725219951891&biz_id=0&utm_source=distribute.pc_search_result.none-task,iteye_11864,2011-04-08 10:59:34,393
java8日期时间API(一),https://blog.csdn.net/syp_24/article/details/78268301?ops_request_misc=%7B%22request%5Fid%22%3A%22158331978019725219951891%22%2C%22scm%22%3A%2220140713.130056874..%22%7D&request_id=158331978019725219951891&biz_id=0&utm_source=distribute.pc_search_result.none-task,_sunyanping_,2017-10-17 23:28:55,883
Java - Oracle JDK - Windows 7,https://blog.csdn.net/chengyq116/article/details/52577590?ops_request_misc=%7B%22request%5Fid%22%3A%22158331978019725219951891%22%2C%22scm%22%3A%2220140713.130056874..%22%7D&request_id=158331978019725219951891&biz_id=0&utm_source=distribute.pc_search_result.none-task,ForeverStrong,2016-09-18 20:33:23,1064
Java学习（一） 初识Java及开发环境搭建,https://blog.csdn.net/xd_csdn2015/article/details/78795097?ops_request_misc=%7B%22request%5Fid%22%3A%22158331979119725222436339%22%2C%22scm%22%3A%2220140713.130056874..%22%7D&request_id=158331979119725222436339&biz_id=0&utm_source=distribute.pc_search_result.none-task,iYuWe,2017-12-13 18:20:38,228
【utils】将指定的mysql数据库中的表生成java实体类,https://blog.csdn.net/ColdFireMan/article/details/77374678?ops_request_misc=%7B%22request%5Fid%22%3A%22158331979119725222436339%22%2C%22scm%22%3A%2220140713.130056874..%22%7D&request_id=158331979119725222436339&biz_id=0&utm_source=distribute.pc_search_result.none-task,ColdFireMan,2017-08-18 17:43:50,2909
下载服务器上的文件-纯java处理,https://blog.csdn.net/shuixian213/article/details/83666263?ops_request_misc=%7B%22request%5Fid%22%3A%22158331979119725222436339%22%2C%22scm%22%3A%2220140713.130056874..%22%7D&request_id=158331979119725222436339&biz_id=0&utm_source=distribute.pc_search_result.none-task,shuixian213,2010-07-06 19:05:13,466
Java map集合的两种取出方式,https://blog.csdn.net/hoho_12/article/details/51220906?ops_request_misc=%7B%22request%5Fid%22%3A%22158331979119725222436339%22%2C%22scm%22%3A%2220140713.130056874..%22%7D&request_id=158331979119725222436339&biz_id=0&utm_source=distribute.pc_search_result.none-task,hoho_12,2016-04-22 15:59:08,3246
java.util.Collection学习笔记,https://blog.csdn.net/u013534893/article/details/52958081?ops_request_misc=%7B%22request%5Fid%22%3A%22158331979119725222436339%22%2C%22scm%22%3A%2220140713.130056874..%22%7D&request_id=158331979119725222436339&biz_id=0&utm_source=distribute.pc_search_result.none-task,leipeng2016,2016-10-28 17:16:17,2031
Java 只运行一个实例,https://blog.csdn.net/huangng/article/details/74157246?ops_request_misc=%7B%22request%5Fid%22%3A%22158331979119725222436339%22%2C%22scm%22%3A%2220140713.130056874..%22%7D&request_id=158331979119725222436339&biz_id=0&utm_source=distribute.pc_search_result.none-task,huangng,2017-07-02 21:09:58,989
Java中方法参数使用,https://blog.csdn.net/Manhand/article/details/53931582?ops_request_misc=%7B%22request%5Fid%22%3A%22158331979119725222436339%22%2C%22scm%22%3A%2220140713.130056874..%22%7D&request_id=158331979119725222436339&biz_id=0&utm_source=distribute.pc_search_result.none-task,Manhand,2016-12-29 19:25:34,1227
java 获取本机的公网、外网ip,https://blog.csdn.net/nheng238/article/details/50675623?ops_request_misc=%7B%22request%5Fid%22%3A%22158331979119725222436339%22%2C%22scm%22%3A%2220140713.130056874..%22%7D&request_id=158331979119725222436339&biz_id=0&utm_source=distribute.pc_search_result.none-task,qqqfffxiamian,2016-02-16 16:34:58,1961
Java SE、Java EE、Java ME三者的区别,https://blog.csdn.net/hj464171584/article/details/78910097?ops_request_misc=%7B%22request%5Fid%22%3A%22158331979119725222436339%22%2C%22scm%22%3A%2220140713.130056874..%22%7D&request_id=158331979119725222436339&biz_id=0&utm_source=distribute.pc_search_result.none-task,Jerelyn,2017-12-27 11:15:08,172
java工具类,https://blog.csdn.net/li_shi_chao/article/details/73129669?ops_request_misc=%7B%22request%5Fid%22%3A%22158331979119725222436339%22%2C%22scm%22%3A%2220140713.130056874..%22%7D&request_id=158331979119725222436339&biz_id=0&utm_source=distribute.pc_search_result.none-task,-iwen-,2017-06-12 17:36:25,20317
Java 将泛型定义在方法上。,https://blog.csdn.net/hoho_12/article/details/51170326?ops_request_misc=%7B%22request%5Fid%22%3A%22158331979119725222436339%22%2C%22scm%22%3A%2220140713.130056874..%22%7D&request_id=158331979119725222436339&biz_id=0&utm_source=distribute.pc_search_result.none-task,hoho_12,2016-04-16 21:37:01,1870
Java date format 时间格式化,https://blog.csdn.net/ws04170099/article/details/83682311?ops_request_misc=%7B%22request%5Fid%22%3A%22158331979119725222436339%22%2C%22scm%22%3A%2220140713.130056874..%22%7D&request_id=158331979119725222436339&biz_id=0&utm_source=distribute.pc_search_result.none-task,ws04170099,2010-08-10 13:53:04,284
java集合——映射表+专用集合映射表类,https://blog.csdn.net/PacosonSWJTU/article/details/50331019?ops_request_misc=%7B%22request%5Fid%22%3A%22158331979119725222436339%22%2C%22scm%22%3A%2220140713.130056874..%22%7D&request_id=158331979119725222436339&biz_id=0&utm_source=distribute.pc_search_result.none-task,PacosonSWJTU,2015-12-16 17:48:01,1740
Java8特性总结（一）概述,https://blog.csdn.net/tornadojava/article/details/54600699?ops_request_misc=%7B%22request%5Fid%22%3A%22158331979119725222436339%22%2C%22scm%22%3A%2220140713.130056874..%22%7D&request_id=158331979119725222436339&biz_id=0&utm_source=distribute.pc_search_result.none-task,tornadojava,2017-01-18 14:20:58,2201
Java中List与Array的转换,https://blog.csdn.net/Quincuntial/article/details/52413424?ops_request_misc=%7B%22request%5Fid%22%3A%22158331979119725222436339%22%2C%22scm%22%3A%2220140713.130056874..%22%7D&request_id=158331979119725222436339&biz_id=0&utm_source=distribute.pc_search_result.none-task,SnailTyan,2016-09-02 14:02:43,6584
java ME、java SE和java EE的区别,https://blog.csdn.net/feipeng8848/article/details/54406909?ops_request_misc=%7B%22request%5Fid%22%3A%22158331979119725222436339%22%2C%22scm%22%3A%2220140713.130056874..%22%7D&request_id=158331979119725222436339&biz_id=0&utm_source=distribute.pc_search_result.none-task,feipeng8848,2017-01-13 11:20:23,459
java学习笔记一,https://blog.csdn.net/weixin_42386609/article/details/104638655?ops_request_misc=%7B%22request%5Fid%22%3A%22158331979119725222436339%22%2C%22scm%22%3A%2220140713.130056874..%22%7D&request_id=158331979119725222436339&biz_id=0&utm_source=distribute.pc_search_result.none-task,阿泽e,2020-03-03 18:46:14,47
java EE与java SE的区分,https://blog.csdn.net/DATA8866/article/details/79954531?ops_request_misc=%7B%22request%5Fid%22%3A%22158331979119725222436339%22%2C%22scm%22%3A%2220140713.130056874..%22%7D&request_id=158331979119725222436339&biz_id=0&utm_source=distribute.pc_search_result.none-task,谁主沉浮---data,2018-04-15 22:35:57,25658
JAVA中List集合分页,https://blog.csdn.net/cheney_0723/article/details/83880861?ops_request_misc=%7B%22request%5Fid%22%3A%22158331979119725222436339%22%2C%22scm%22%3A%2220140713.130056874..%22%7D&request_id=158331979119725222436339&biz_id=0&utm_source=distribute.pc_search_result.none-task,cheney_0723,2011-03-29 15:15:06,223
简单的java获取系统的参数,https://blog.csdn.net/MrHelicopter/article/details/79401261?ops_request_misc=%7B%22request%5Fid%22%3A%22158331979119725222436339%22%2C%22scm%22%3A%2220140713.130056874..%22%7D&request_id=158331979119725222436339&biz_id=0&utm_source=distribute.pc_search_result.none-task,一直往前不要停,2018-03-09 19:32:25,507
JAVA API 实例,https://blog.csdn.net/basycia/article/details/51886596?ops_request_misc=%7B%22request%5Fid%22%3A%22158331980119725222440828%22%2C%22scm%22%3A%2220140713.130056874..%22%7D&request_id=158331980119725222440828&biz_id=0&utm_source=distribute.pc_search_result.none-task,雪飞静,2016-07-12 10:17:16,3322
Java实现将txt文件转成xls文件,https://blog.csdn.net/omelon1/article/details/78783851?ops_request_misc=%7B%22request%5Fid%22%3A%22158331980119725222440828%22%2C%22scm%22%3A%2220140713.130056874..%22%7D&request_id=158331980119725222440828&biz_id=0&utm_source=distribute.pc_search_result.none-task,Frank_lyn,2017-12-12 17:09:36,4307
Java中的记录器 - Java日志示例,https://blog.csdn.net/Aria_Miazzy/article/details/88360809?ops_request_misc=%7B%22request%5Fid%22%3A%22158331980119725222440828%22%2C%22scm%22%3A%2220140713.130056874..%22%7D&request_id=158331980119725222440828&biz_id=0&utm_source=distribute.pc_search_result.none-task,YumWisdom,2019-03-08 23:53:02,240
从头认识java-特辑-foreach在java里面两种实现原理总结,https://blog.csdn.net/raylee2007/article/details/50951357?ops_request_misc=%7B%22request%5Fid%22%3A%22158331980119725222440828%22%2C%22scm%22%3A%2220140713.130056874..%22%7D&request_id=158331980119725222440828&biz_id=0&utm_source=distribute.pc_search_result.none-task,李灵晖,2016-03-21 23:51:23,4895
如何将证书导入java默认的证书cacerts,https://blog.csdn.net/kang389110772/article/details/52760460?ops_request_misc=%7B%22request%5Fid%22%3A%22158331980119725222440828%22%2C%22scm%22%3A%2220140713.130056874..%22%7D&request_id=158331980119725222440828&biz_id=0&utm_source=distribute.pc_search_result.none-task,sutonline,2016-10-08 20:48:28,3040
用java实现encodeURIComponent and decodeURIComponent ,https://blog.csdn.net/brtghtrd/article/details/83924201?ops_request_misc=%7B%22request%5Fid%22%3A%22158331980119725222440828%22%2C%22scm%22%3A%2220140713.130056874..%22%7D&request_id=158331980119725222440828&biz_id=0&utm_source=distribute.pc_search_result.none-task,brtghtrd,2011-05-20 16:22:21,31
JAVA学习笔记 基础篇,https://blog.csdn.net/u012078682/article/details/26621907?ops_request_misc=%7B%22request%5Fid%22%3A%22158331980119725222440828%22%2C%22scm%22%3A%2220140713.130056874..%22%7D&request_id=158331980119725222440828&biz_id=0&utm_source=distribute.pc_search_result.none-task,花间词,2014-05-22 21:15:53,1547
java 时间字符串和时间戳（长整形long）之间的互转,https://blog.csdn.net/qzw93/article/details/48830449?ops_request_misc=%7B%22request%5Fid%22%3A%22158331980119725222440828%22%2C%22scm%22%3A%2220140713.130056874..%22%7D&request_id=158331980119725222440828&biz_id=0&utm_source=distribute.pc_search_result.none-task,_Dragoon,2015-09-30 16:56:17,1460
Java本地文件（File类的操作）,https://blog.csdn.net/King3cc/article/details/73008100?ops_request_misc=%7B%22request%5Fid%22%3A%22158331980119725222440828%22%2C%22scm%22%3A%2220140713.130056874..%22%7D&request_id=158331980119725222440828&biz_id=0&utm_source=distribute.pc_search_result.none-task,King3cc,2017-06-10 21:01:29,6316
java java.util.Date、java.sql.Date、java.sql.Time、java.sql.Timestamp区别和联系,https://blog.csdn.net/qilixiang012/article/details/46862891?ops_request_misc=%7B%22request%5Fid%22%3A%22158331980119725222440828%22%2C%22scm%22%3A%2220140713.130056874..%22%7D&request_id=158331980119725222440828&biz_id=0&utm_source=distribute.pc_search_result.none-task,Coding-lover,2015-07-13 15:13:46,592
Java 技术基础题纲,https://blog.csdn.net/qq_35712788/article/details/99117678?ops_request_misc=%7B%22request%5Fid%22%3A%22158331980119725222440828%22%2C%22scm%22%3A%2220140713.130056874..%22%7D&request_id=158331980119725222440828&biz_id=0&utm_source=distribute.pc_search_result.none-task,気泡飲料,2020-02-24 01:22:21,54
Java中网络编程小结,https://blog.csdn.net/xiakexiaohu/article/details/75210700?ops_request_misc=%7B%22request%5Fid%22%3A%22158331980119725222440828%22%2C%22scm%22%3A%2220140713.130056874..%22%7D&request_id=158331980119725222440828&biz_id=0&utm_source=distribute.pc_search_result.none-task,xiakexiaohu,2017-07-16 20:48:01,2135
java的property配置文件的用法,https://blog.csdn.net/SailingAptech/article/details/83262473?ops_request_misc=%7B%22request%5Fid%22%3A%22158331980119725222440828%22%2C%22scm%22%3A%2220140713.130056874..%22%7D&request_id=158331980119725222440828&biz_id=0&utm_source=distribute.pc_search_result.none-task,SailingAptech,2008-07-29 16:26:33,625
Java获取当前程序的路径,https://blog.csdn.net/ping321123/article/details/81944443?ops_request_misc=%7B%22request%5Fid%22%3A%22158331980119725222440828%22%2C%22scm%22%3A%2220140713.130056874..%22%7D&request_id=158331980119725222440828&biz_id=0&utm_source=distribute.pc_search_result.none-task,happy_zora,2018-08-22 15:05:38,1863
Java邮件开发源代码,https://blog.csdn.net/lihua2915/article/details/83762415?ops_request_misc=%7B%22request%5Fid%22%3A%22158331980119725222440828%22%2C%22scm%22%3A%2220140713.130056874..%22%7D&request_id=158331980119725222440828&biz_id=0&utm_source=distribute.pc_search_result.none-task,lihua2915,2010-11-11 07:43:01,345
java菜鸟问题1：如何隔行输出指定文件里的文本？,https://blog.csdn.net/sinat_23042863/article/details/40889585?ops_request_misc=%7B%22request%5Fid%22%3A%22158331980119725222440828%22%2C%22scm%22%3A%2220140713.130056874..%22%7D&request_id=158331980119725222440828&biz_id=0&utm_source=distribute.pc_search_result.none-task,canying残影,2014-11-07 10:45:21,649
Java装箱与拆箱,https://blog.csdn.net/m00123456789/article/details/77431040?ops_request_misc=%7B%22request%5Fid%22%3A%22158331980119725222440828%22%2C%22scm%22%3A%2220140713.130056874..%22%7D&request_id=158331980119725222440828&biz_id=0&utm_source=distribute.pc_search_result.none-task,Study_WangYL,2017-08-20 18:37:28,699
java.util.concurrent.ExecutionException: java.lang.OutOfMemoryError: Java heap space,https://blog.csdn.net/jdbc/article/details/47040943?ops_request_misc=%7B%22request%5Fid%22%3A%22158331980119725222440828%22%2C%22scm%22%3A%2220140713.130056874..%22%7D&request_id=158331980119725222440828&biz_id=0&utm_source=distribute.pc_search_result.none-task,数据娃掘,2015-07-24 14:43:50,1594
java对象与map对象相互转换,https://blog.csdn.net/u011627980/article/details/71538822?ops_request_misc=%7B%22request%5Fid%22%3A%22158331980119725222440828%22%2C%22scm%22%3A%2220140713.130056874..%22%7D&request_id=158331980119725222440828&biz_id=0&utm_source=distribute.pc_search_result.none-task,killer-leon,2017-05-10 15:48:33,1846
java 两个整数相除保留两位小数,https://blog.csdn.net/suoyidudiao/article/details/83890792?ops_request_misc=%7B%22request%5Fid%22%3A%22158331980119725222440828%22%2C%22scm%22%3A%2220140713.130056874..%22%7D&request_id=158331980119725222440828&biz_id=0&utm_source=distribute.pc_search_result.none-task,suoyidudiao,2011-04-14 10:29:00,1528
锐聘学院Java视频笔记,https://blog.csdn.net/Rindia/article/details/77008797?ops_request_misc=%7B%22request%5Fid%22%3A%22158331981219725256734731%22%2C%22scm%22%3A%2220140713.130056874..%22%7D&request_id=158331981219725256734731&biz_id=0&utm_source=distribute.pc_search_result.none-task,Rindia,2017-08-09 18:20:02,207
Java常见的几种排序方法,https://blog.csdn.net/sinat_38239454/article/details/73521792?ops_request_misc=%7B%22request%5Fid%22%3A%22158331981219725256734731%22%2C%22scm%22%3A%2220140713.130056874..%22%7D&request_id=158331981219725256734731&biz_id=0&utm_source=distribute.pc_search_result.none-task,liumce,2017-06-20 21:54:45,566
Java基础知识大全,https://blog.csdn.net/xingkonglfs/article/details/54695622?ops_request_misc=%7B%22request%5Fid%22%3A%22158331981219725256734731%22%2C%22scm%22%3A%2220140713.130056874..%22%7D&request_id=158331981219725256734731&biz_id=0&utm_source=distribute.pc_search_result.none-task,joysanctuary,2017-01-23 20:20:16,17067
Java通过URL提取网站源码,https://blog.csdn.net/chance2015/article/details/50472435?ops_request_misc=%7B%22request%5Fid%22%3A%22158331981219725256734731%22%2C%22scm%22%3A%2220140713.130056874..%22%7D&request_id=158331981219725256734731&biz_id=0&utm_source=distribute.pc_search_result.none-task,chance2015,2016-01-06 23:24:18,4755
Java 代码编译和执行的整个过程,https://blog.csdn.net/qq_33594101/article/details/80116733?ops_request_misc=%7B%22request%5Fid%22%3A%22158331981219725256734731%22%2C%22scm%22%3A%2220140713.130056874..%22%7D&request_id=158331981219725256734731&biz_id=0&utm_source=distribute.pc_search_result.none-task,Phil01,2018-04-28 09:53:20,356
Java SE 、Java EE和 Java ME的区别,https://blog.csdn.net/csdngjj/article/details/77939349?ops_request_misc=%7B%22request%5Fid%22%3A%22158331981219725256734731%22%2C%22scm%22%3A%2220140713.130056874..%22%7D&request_id=158331981219725256734731&biz_id=0&utm_source=distribute.pc_search_result.none-task,csdn-GJJ,2017-09-11 23:20:09,205
java50道基础面试题,https://blog.csdn.net/qq1404510094/article/details/80085756?ops_request_misc=%7B%22request%5Fid%22%3A%22158331981219725256734731%22%2C%22scm%22%3A%2220140713.130056874..%22%7D&request_id=158331981219725256734731&biz_id=0&utm_source=distribute.pc_search_result.none-task,Tanyboye,2018-04-25 21:05:43,1327
【InfoQ】Java深度历险系列,https://blog.csdn.net/zx317931876/article/details/6436689?ops_request_misc=%7B%22request%5Fid%22%3A%22158331981219725256734731%22%2C%22scm%22%3A%2220140713.130056874..%22%7D&request_id=158331981219725256734731&biz_id=0&utm_source=distribute.pc_search_result.none-task,zx317931876,2011-05-21 17:18:00,1320
java 时间工具类,https://blog.csdn.net/lingyun246/article/details/84775383?ops_request_misc=%7B%22request%5Fid%22%3A%22158331981219725256734731%22%2C%22scm%22%3A%2220140713.130056874..%22%7D&request_id=158331981219725256734731&biz_id=0&utm_source=distribute.pc_search_result.none-task,lingyun246,2016-04-06 17:13:17,116
java实现sftp实例,https://blog.csdn.net/fuqianglovejava/article/details/84369578?ops_request_misc=%7B%22request%5Fid%22%3A%22158331981219725256734731%22%2C%22scm%22%3A%2220140713.130056874..%22%7D&request_id=158331981219725256734731&biz_id=0&utm_source=distribute.pc_search_result.none-task,fuqianglovejava,2012-12-19 09:15:19,110
"Java-Write Once,Run Anywhere",https://blog.csdn.net/u014496330/article/details/51290013?ops_request_misc=%7B%22request%5Fid%22%3A%22158331981219725256734731%22%2C%22scm%22%3A%2220140713.130056874..%22%7D&request_id=158331981219725256734731&biz_id=0&utm_source=distribute.pc_search_result.none-task,justskinny,2016-05-01 12:10:08,1898
Java成神之路技术整理（长期更新）,https://blog.csdn.net/youanyyou/article/details/79888715?ops_request_misc=%7B%22request%5Fid%22%3A%22158331981219725256734731%22%2C%22scm%22%3A%2220140713.130056874..%22%7D&request_id=158331981219725256734731&biz_id=0&utm_source=distribute.pc_search_result.none-task,Java技术栈,2018-04-10 21:59:34,3273
由浅入深——Java关于增强类功能的几种方法,https://blog.csdn.net/Roker_966/article/details/78940356?ops_request_misc=%7B%22request%5Fid%22%3A%22158331981219725256734731%22%2C%22scm%22%3A%2220140713.130056874..%22%7D&request_id=158331981219725256734731&biz_id=0&utm_source=distribute.pc_search_result.none-task,Roker_鹏,2017-12-31 01:45:21,420
Java四舍五入及保留小数点位数,https://blog.csdn.net/fxjzzyo/article/details/61619761?ops_request_misc=%7B%22request%5Fid%22%3A%22158331981219725256734731%22%2C%22scm%22%3A%2220140713.130056874..%22%7D&request_id=158331981219725256734731&biz_id=0&utm_source=distribute.pc_search_result.none-task,fxjzzyo,2017-03-12 16:27:13,3987
Java实现滚动字幕,https://blog.csdn.net/Alpssoul/article/details/49052875?ops_request_misc=%7B%22request%5Fid%22%3A%22158331981219725256734731%22%2C%22scm%22%3A%2220140713.130056874..%22%7D&request_id=158331981219725256734731&biz_id=0&utm_source=distribute.pc_search_result.none-task,Alpssoul,2015-10-11 21:20:26,4778
java中continue到指定的for循环中,https://blog.csdn.net/ye1992/article/details/17187115?ops_request_misc=%7B%22request%5Fid%22%3A%22158331981219725256734731%22%2C%22scm%22%3A%2220140713.130056874..%22%7D&request_id=158331981219725256734731&biz_id=0&utm_source=distribute.pc_search_result.none-task,叶威1,2013-12-07 13:36:12,8657
Java(JavaEE)学习线路图,https://blog.csdn.net/weixin_43713498/article/details/92565987?ops_request_misc=%7B%22request%5Fid%22%3A%22158331981219725256734731%22%2C%22scm%22%3A%2220140713.130056874..%22%7D&request_id=158331981219725256734731&biz_id=0&utm_source=distribute.pc_search_result.none-task,Hello菜先森,2019-06-17 09:42:26,383
JAVA 学习笔记——归纳总结篇（一）,https://blog.csdn.net/XmYinu/article/details/102673406?ops_request_misc=%7B%22request%5Fid%22%3A%22158331981219725256734731%22%2C%22scm%22%3A%2220140713.130056874..%22%7D&request_id=158331981219725256734731&biz_id=0&utm_source=distribute.pc_search_result.none-task,Nahm Gan,2019-10-22 22:46:09,1843
java判断字符串是否是日期,https://blog.csdn.net/pengpeng235/article/details/83849697?ops_request_misc=%7B%22request%5Fid%22%3A%22158331981219725256734731%22%2C%22scm%22%3A%2220140713.130056874..%22%7D&request_id=158331981219725256734731&biz_id=0&utm_source=distribute.pc_search_result.none-task,pengpeng235,2011-03-04 12:15:42,418
java二维码生成与解析代码实现,https://blog.csdn.net/iteye_16094/article/details/82565107?ops_request_misc=%7B%22request%5Fid%22%3A%22158331981219725256734731%22%2C%22scm%22%3A%2220140713.130056874..%22%7D&request_id=158331981219725256734731&biz_id=0&utm_source=distribute.pc_search_result.none-task,iteye_16094,2014-01-01 22:16:23,82
再探java基础——零碎基础知识整理,https://blog.csdn.net/luoweifu/article/details/12179925?ops_request_misc=%7B%22request%5Fid%22%3A%22158331982419724845030861%22%2C%22scm%22%3A%2220140713.130056874..%22%7D&request_id=158331982419724845030861&biz_id=0&utm_source=distribute.pc_search_result.none-task,luoweifu,2013-09-30 01:00:59,4156
【学习路线】Java从入门到高级学习路线,https://blog.csdn.net/qq_36762765/article/details/79240411?ops_request_misc=%7B%22request%5Fid%22%3A%22158331982419724845030861%22%2C%22scm%22%3A%2220140713.130056874..%22%7D&request_id=158331982419724845030861&biz_id=0&utm_source=distribute.pc_search_result.none-task,KAI丶,2018-02-02 16:12:54,15599
java 对map中的 value 排序,https://blog.csdn.net/lhkzyz2/article/details/84279803?ops_request_misc=%7B%22request%5Fid%22%3A%22158331982419724845030861%22%2C%22scm%22%3A%2220140713.130056874..%22%7D&request_id=158331982419724845030861&biz_id=0&utm_source=distribute.pc_search_result.none-task,lhkzyz2,2012-08-29 00:38:24,131
java中list去重合并那点事,https://blog.csdn.net/u012355401/article/details/50385449?ops_request_misc=%7B%22request%5Fid%22%3A%22158331982419724845030861%22%2C%22scm%22%3A%2220140713.130056874..%22%7D&request_id=158331982419724845030861&biz_id=0&utm_source=distribute.pc_search_result.none-task,u012355401,2015-12-23 11:07:06,2332
毕向东Java视频学习笔记【Day11-Day13 多线程】,https://blog.csdn.net/qq_24653023/article/details/51815479?ops_request_misc=%7B%22request%5Fid%22%3A%22158331982419724845030861%22%2C%22scm%22%3A%2220140713.130056874..%22%7D&request_id=158331982419724845030861&biz_id=0&utm_source=distribute.pc_search_result.none-task,ACMer_Shadow,2016-07-03 15:56:13,3976
Java入门学习路线目录索引,https://blog.csdn.net/weixin_44868384/article/details/102479556?ops_request_misc=%7B%22request%5Fid%22%3A%22158331982419724845030861%22%2C%22scm%22%3A%2220140713.130056874..%22%7D&request_id=158331982419724845030861&biz_id=0&utm_source=distribute.pc_search_result.none-task,朝阳111111,2019-10-10 12:59:39,958
Java学习线路图,https://blog.csdn.net/hixiaoyang/article/details/92805234?ops_request_misc=%7B%22request%5Fid%22%3A%22158331982419724845030861%22%2C%22scm%22%3A%2220140713.130056874..%22%7D&request_id=158331982419724845030861&biz_id=0&utm_source=distribute.pc_search_result.none-task,hixiaoyang,2019-06-19 10:07:02,409
"Java基础, Java平台版本, JDK环境搭建详解--(一)",https://blog.csdn.net/fanyun_01/article/details/50968910?ops_request_misc=%7B%22request%5Fid%22%3A%22158331982419724845030861%22%2C%22scm%22%3A%2220140713.130056874..%22%7D&request_id=158331982419724845030861&biz_id=0&utm_source=distribute.pc_search_result.none-task,老樊Lu码,2016-03-24 09:40:02,1578
java中基于线程池的任务调度设计,https://blog.csdn.net/hehexiaoyou/article/details/23428895?ops_request_misc=%7B%22request%5Fid%22%3A%22158331982419724845030861%22%2C%22scm%22%3A%2220140713.130056874..%22%7D&request_id=158331982419724845030861&biz_id=0&utm_source=distribute.pc_search_result.none-task,chris_Yu186,2014-04-11 10:45:45,3364
用java打印出几种图形及简单的了解下循环,https://blog.csdn.net/gxg2017/article/details/77344987?ops_request_misc=%7B%22request%5Fid%22%3A%22158331982419724845030861%22%2C%22scm%22%3A%2220140713.130056874..%22%7D&request_id=158331982419724845030861&biz_id=0&utm_source=distribute.pc_search_result.none-task,gxg2017,2017-08-17 23:09:10,1057
java 打印图片,https://blog.csdn.net/caofeilong20941/article/details/16962089?ops_request_misc=%7B%22request%5Fid%22%3A%22158331982419724845030861%22%2C%22scm%22%3A%2220140713.130056874..%22%7D&request_id=158331982419724845030861&biz_id=0&utm_source=distribute.pc_search_result.none-task,caofeilong20941,2013-11-26 11:39:55,5077
Java中验证日期时间格式,https://blog.csdn.net/dingh69/article/details/83291073?ops_request_misc=%7B%22request%5Fid%22%3A%22158331982419724845030861%22%2C%22scm%22%3A%2220140713.130056874..%22%7D&request_id=158331982419724845030861&biz_id=0&utm_source=distribute.pc_search_result.none-task,dingh69,2008-10-14 10:06:43,362
java中的异常、断言、日志(二)  ,https://blog.csdn.net/gf_gaoshang/article/details/84263025?ops_request_misc=%7B%22request%5Fid%22%3A%22158331982419724845030861%22%2C%22scm%22%3A%2220140713.130056874..%22%7D&request_id=158331982419724845030861&biz_id=0&utm_source=distribute.pc_search_result.none-task,gf_gaoshang,2012-07-23 13:44:06,76
JAVA 非常实用的XML 工具类,https://blog.csdn.net/sfSam/article/details/84175098?ops_request_misc=%7B%22request%5Fid%22%3A%22158331982419724845030861%22%2C%22scm%22%3A%2220140713.130056874..%22%7D&request_id=158331982419724845030861&biz_id=0&utm_source=distribute.pc_search_result.none-task,sfSam,2012-03-26 13:04:37,933
Java高级语法笔记-文本文件的按行读取,https://blog.csdn.net/qq78442761/article/details/79063901?ops_request_misc=%7B%22request%5Fid%22%3A%22158331982419724845030861%22%2C%22scm%22%3A%2220140713.130056874..%22%7D&request_id=158331982419724845030861&biz_id=0&utm_source=distribute.pc_search_result.none-task,IT1995,2018-01-15 14:17:35,5142
编写一个程序，将d:\java目录下的所有.java文件复制到d:\jad目录下，并将原来文件的扩展名从.java改为. jad,https://blog.csdn.net/nanjing0412/article/details/10975025?ops_request_misc=%7B%22request%5Fid%22%3A%22158331982419724845030861%22%2C%22scm%22%3A%2220140713.130056874..%22%7D&request_id=158331982419724845030861&biz_id=0&utm_source=distribute.pc_search_result.none-task,nanjing0412,2013-09-03 13:17:28,5759
什么是JDK？关于JDK（Java Development Kit）Java开发工具包的介绍,https://blog.csdn.net/xinqin200612/article/details/81779000?ops_request_misc=%7B%22request%5Fid%22%3A%22158331982419724845030861%22%2C%22scm%22%3A%2220140713.130056874..%22%7D&request_id=158331982419724845030861&biz_id=0&utm_source=distribute.pc_search_result.none-task,helei-EdmondHe,2018-08-17 15:58:20,1786
Java 获取文件的基本信息,https://blog.csdn.net/zzldm/article/details/54347975?ops_request_misc=%7B%22request%5Fid%22%3A%22158331982419724845030861%22%2C%22scm%22%3A%2220140713.130056874..%22%7D&request_id=158331982419724845030861&biz_id=0&utm_source=distribute.pc_search_result.none-task,濯君,2017-01-11 20:46:18,3482
Java 文件流与标准流之间的重定向,https://blog.csdn.net/gybshen/article/details/71403985?ops_request_misc=%7B%22request%5Fid%22%3A%22158331982419724845030861%22%2C%22scm%22%3A%2220140713.130056874..%22%7D&request_id=158331982419724845030861&biz_id=0&utm_source=distribute.pc_search_result.none-task,Cloud-Future,2017-05-08 11:11:09,1294
java获取某年某月的第一天和最后一天,https://blog.csdn.net/iteye_6955/article/details/82031172?ops_request_misc=%7B%22request%5Fid%22%3A%22158331982419724845030861%22%2C%22scm%22%3A%2220140713.130056874..%22%7D&request_id=158331982419724845030861&biz_id=0&utm_source=distribute.pc_search_result.none-task,iteye_6955,2011-03-08 13:24:10,239
Java SE、Java EE、Java ME三者的区别,https://blog.csdn.net/zwqZWQ2012/article/details/53932760?ops_request_misc=%7B%22request%5Fid%22%3A%22158331983519724847060077%22%2C%22scm%22%3A%2220140713.130056874..%22%7D&request_id=158331983519724847060077&biz_id=0&utm_source=distribute.pc_search_result.none-task,麒老大,2016-12-29 22:24:38,321
Java 实例,https://blog.csdn.net/weixin_43759452/article/details/84330871?ops_request_misc=%7B%22request%5Fid%22%3A%22158331983519724847060077%22%2C%22scm%22%3A%2220140713.130056874..%22%7D&request_id=158331983519724847060077&biz_id=0&utm_source=distribute.pc_search_result.none-task,java技术分享师,2018-11-21 21:53:33,153
Java 标准类库列表,https://blog.csdn.net/yongqingmiao/article/details/6272171?ops_request_misc=%7B%22request%5Fid%22%3A%22158331983519724847060077%22%2C%22scm%22%3A%2220140713.130056874..%22%7D&request_id=158331983519724847060077&biz_id=0&utm_source=distribute.pc_search_result.none-task,Maybe,2011-03-23 19:58:00,5473
Java 反转数组,https://blog.csdn.net/tjmljw/article/details/84468777?ops_request_misc=%7B%22request%5Fid%22%3A%22158331983519724847060077%22%2C%22scm%22%3A%2220140713.130056874..%22%7D&request_id=158331983519724847060077&biz_id=0&utm_source=distribute.pc_search_result.none-task,tjmljw,2013-08-13 15:59:40,75
Core Java:java除法中保持小数点位数的两种方法 ,https://blog.csdn.net/wenth/article/details/83208042?ops_request_misc=%7B%22request%5Fid%22%3A%22158331983519724847060077%22%2C%22scm%22%3A%2220140713.130056874..%22%7D&request_id=158331983519724847060077&biz_id=0&utm_source=distribute.pc_search_result.none-task,wenth,2008-01-24 09:31:51,421
stack的java实现,https://blog.csdn.net/iteye_633/article/details/81648962?ops_request_misc=%7B%22request%5Fid%22%3A%22158331983519724847060077%22%2C%22scm%22%3A%2220140713.130056874..%22%7D&request_id=158331983519724847060077&biz_id=0&utm_source=distribute.pc_search_result.none-task,iteye_633,2008-11-24 12:05:13,232
Java定时器实现更替执行,https://blog.csdn.net/yuhongye111/article/details/26400889?ops_request_misc=%7B%22request%5Fid%22%3A%22158331983519724847060077%22%2C%22scm%22%3A%2220140713.130056874..%22%7D&request_id=158331983519724847060077&biz_id=0&utm_source=distribute.pc_search_result.none-task,喻红叶,2014-05-20 22:16:02,1139
Java 中的方法内部类,https://blog.csdn.net/weixin_39646711/article/details/77621809?ops_request_misc=%7B%22request%5Fid%22%3A%22158331983519724847060077%22%2C%22scm%22%3A%2220140713.130056874..%22%7D&request_id=158331983519724847060077&biz_id=0&utm_source=distribute.pc_search_result.none-task,一根葱啊啊啊,2017-08-27 17:50:08,1526
Java web,https://blog.csdn.net/BluesJhao/article/details/39892645?ops_request_misc=%7B%22request%5Fid%22%3A%22158331983519724847060077%22%2C%22scm%22%3A%2220140713.130056874..%22%7D&request_id=158331983519724847060077&biz_id=0&utm_source=distribute.pc_search_result.none-task,BluesJhao,2014-10-08 14:00:45,7102
java方法客户端下载服务器上的文件到本地,https://blog.csdn.net/LWJdear/article/details/72851699?ops_request_misc=%7B%22request%5Fid%22%3A%22158331983519724847060077%22%2C%22scm%22%3A%2220140713.130056874..%22%7D&request_id=158331983519724847060077&biz_id=0&utm_source=distribute.pc_search_result.none-task,ldear,2017-06-03 13:48:03,5982
java lock的底层实现原理,https://blog.csdn.net/abcd1430/article/details/52745096?ops_request_misc=%7B%22request%5Fid%22%3A%22158331983519724847060077%22%2C%22scm%22%3A%2220140713.130056874..%22%7D&request_id=158331983519724847060077&biz_id=0&utm_source=distribute.pc_search_result.none-task,烟酒和尚,2016-10-06 19:08:39,3678
Java学习,https://blog.csdn.net/py826826/article/details/82423449?ops_request_misc=%7B%22request%5Fid%22%3A%22158331983519724847060077%22%2C%22scm%22%3A%2220140713.130056874..%22%7D&request_id=158331983519724847060077&biz_id=0&utm_source=distribute.pc_search_result.none-task,桃花岛外里三千,2018-09-05 14:30:50,227
Java学习路线,https://blog.csdn.net/Just_learn_more/article/details/91394528?ops_request_misc=%7B%22request%5Fid%22%3A%22158331983519724847060077%22%2C%22scm%22%3A%2220140713.130056874..%22%7D&request_id=158331983519724847060077&biz_id=0&utm_source=distribute.pc_search_result.none-task,Just_learn_more,2019-07-11 22:17:33,33453
Java基础知识&Spring&Ajax面试题,https://blog.csdn.net/ilvest/article/details/64122487?ops_request_misc=%7B%22request%5Fid%22%3A%22158331983519724847060077%22%2C%22scm%22%3A%2220140713.130056874..%22%7D&request_id=158331983519724847060077&biz_id=0&utm_source=distribute.pc_search_result.none-task,ilvest,2017-03-20 10:31:10,1795
Java时间日期格式转换,https://blog.csdn.net/c______________/article/details/78599232?ops_request_misc=%7B%22request%5Fid%22%3A%22158331983519724847060077%22%2C%22scm%22%3A%2220140713.130056874..%22%7D&request_id=158331983519724847060077&biz_id=0&utm_source=distribute.pc_search_result.none-task,MrStevens,2017-11-22 09:34:46,1522
Java 8 – 将 Stream 转换为 List,https://blog.csdn.net/wangmuming/article/details/72750084?ops_request_misc=%7B%22request%5Fid%22%3A%22158331983519724847060077%22%2C%22scm%22%3A%2220140713.130056874..%22%7D&request_id=158331983519724847060077&biz_id=0&utm_source=distribute.pc_search_result.none-task,wangmm0218,2017-05-25 20:35:14,18219
Java常见容器（Container）关系图,https://blog.csdn.net/autofei/article/details/7425312?ops_request_misc=%7B%22request%5Fid%22%3A%22158331983519724847060077%22%2C%22scm%22%3A%2220140713.130056874..%22%7D&request_id=158331983519724847060077&biz_id=0&utm_source=distribute.pc_search_result.none-task,autofei,2012-04-04 12:33:40,9408
Java实现通用组合算法,https://blog.csdn.net/sinat_25398439/article/details/53167799?ops_request_misc=%7B%22request%5Fid%22%3A%22158331983519724847060077%22%2C%22scm%22%3A%2220140713.130056874..%22%7D&request_id=158331983519724847060077&biz_id=0&utm_source=distribute.pc_search_result.none-task,爱求真,2016-11-15 09:03:15,1419
【Java面试知识】Java6-Java7-Java8各个版本的新特性,https://blog.csdn.net/liyazhou0215/article/details/77530270?ops_request_misc=%7B%22request%5Fid%22%3A%22158331984519725219912434%22%2C%22scm%22%3A%2220140713.130056874..%22%7D&request_id=158331984519725219912434&biz_id=0&utm_source=distribute.pc_search_result.none-task,LYZ0907,2017-08-24 15:08:16,1802
java加载文件,https://blog.csdn.net/zy1207757535/article/details/77992385?ops_request_misc=%7B%22request%5Fid%22%3A%22158331984519725219912434%22%2C%22scm%22%3A%2220140713.130056874..%22%7D&request_id=158331984519725219912434&biz_id=0&utm_source=distribute.pc_search_result.none-task,zy1207757535,2017-09-15 15:39:13,821
关于Java SE、Java EE、Java ME三者的基本看法和理解.,https://blog.csdn.net/zsh773992554/article/details/72833251?ops_request_misc=%7B%22request%5Fid%22%3A%22158331984519725219912434%22%2C%22scm%22%3A%2220140713.130056874..%22%7D&request_id=158331984519725219912434&biz_id=0&utm_source=distribute.pc_search_result.none-task,嘻哈路过,2017-06-01 17:48:19,6909
Java子类父类属性的覆盖,https://blog.csdn.net/u012773469/article/details/83370048?ops_request_misc=%7B%22request%5Fid%22%3A%22158331984519725219912434%22%2C%22scm%22%3A%2220140713.130056874..%22%7D&request_id=158331984519725219912434&biz_id=0&utm_source=distribute.pc_search_result.none-task,intervalintl,2009-04-08 15:19:12,169
JAVA的集合交并差集操作,https://blog.csdn.net/iteye_9573/article/details/82577883?ops_request_misc=%7B%22request%5Fid%22%3A%22158331984519725219912434%22%2C%22scm%22%3A%2220140713.130056874..%22%7D&request_id=158331984519725219912434&biz_id=0&utm_source=distribute.pc_search_result.none-task,iteye_9573,2014-04-26 15:08:44,186
Java 基础大纲总结,https://blog.csdn.net/zzyy17/article/details/104650902?ops_request_misc=%7B%22request%5Fid%22%3A%22158331984519725219912434%22%2C%22scm%22%3A%2220140713.130056874..%22%7D&request_id=158331984519725219912434&biz_id=0&utm_source=distribute.pc_search_result.none-task,林下溪源,2020-03-04 12:17:45,20
Java技术体系,https://blog.csdn.net/kehanxin/article/details/50396280?ops_request_misc=%7B%22request%5Fid%22%3A%22158331984519725219912434%22%2C%22scm%22%3A%2220140713.130056874..%22%7D&request_id=158331984519725219912434&biz_id=0&utm_source=distribute.pc_search_result.none-task,kehanxin,2015-12-24 18:40:37,473
次时代Java编程（一）：Java里的协程,https://blog.csdn.net/zdy0_2004/article/details/51323583?ops_request_misc=%7B%22request%5Fid%22%3A%22158331984519725219912434%22%2C%22scm%22%3A%2220140713.130056874..%22%7D&request_id=158331984519725219912434&biz_id=0&utm_source=distribute.pc_search_result.none-task,zdy0_2004,2016-05-05 15:46:26,18135
java学习，java资源下载的网站,https://blog.csdn.net/qq_37660064/article/details/82838306?ops_request_misc=%7B%22request%5Fid%22%3A%22158331984519725219912434%22%2C%22scm%22%3A%2220140713.130056874..%22%7D&request_id=158331984519725219912434&biz_id=0&utm_source=distribute.pc_search_result.none-task,蓝色牛仔裤-,2018-09-25 13:38:58,3650
Java压缩技术（六） BZIP2——Commons实现,https://blog.csdn.net/Navagate/article/details/45956523?ops_request_misc=%7B%22request%5Fid%22%3A%22158331984519725219912434%22%2C%22scm%22%3A%2220140713.130056874..%22%7D&request_id=158331984519725219912434&biz_id=0&utm_source=distribute.pc_search_result.none-task,Navagate,2015-05-24 22:15:45,1498
java中奇偶数的判断,https://blog.csdn.net/piggachen/article/details/84277008?ops_request_misc=%7B%22request%5Fid%22%3A%22158331984519725219912434%22%2C%22scm%22%3A%2220140713.130056874..%22%7D&request_id=158331984519725219912434&biz_id=0&utm_source=distribute.pc_search_result.none-task,piggachen,2012-08-22 15:25:04,144
java基础知识之-本地方法,https://blog.csdn.net/baidu_37464759/article/details/54915476?ops_request_misc=%7B%22request%5Fid%22%3A%22158331984519725219912434%22%2C%22scm%22%3A%2220140713.130056874..%22%7D&request_id=158331984519725219912434&biz_id=0&utm_source=distribute.pc_search_result.none-task,三叶稻草,2017-02-07 20:18:52,1583
Java SE Java EE和Java ME的区别,https://blog.csdn.net/gaoyi221119/article/details/78026544?ops_request_misc=%7B%22request%5Fid%22%3A%22158331984519725219912434%22%2C%22scm%22%3A%2220140713.130056874..%22%7D&request_id=158331984519725219912434&biz_id=0&utm_source=distribute.pc_search_result.none-task,小帅哥gaoyi,2017-09-19 09:48:06,801
java基础入门学习,https://blog.csdn.net/strarboy/article/details/74857012?ops_request_misc=%7B%22request%5Fid%22%3A%22158331984519725219912434%22%2C%22scm%22%3A%2220140713.130056874..%22%7D&request_id=158331984519725219912434&biz_id=0&utm_source=distribute.pc_search_result.none-task,strarboy,2017-07-09 02:35:01,1206
Java6学习笔记32——Java6中向量类的使用,https://blog.csdn.net/iteye_18688/article/details/81752964?ops_request_misc=%7B%22request%5Fid%22%3A%22158331984519725219912434%22%2C%22scm%22%3A%2220140713.130056874..%22%7D&request_id=158331984519725219912434&biz_id=0&utm_source=distribute.pc_search_result.none-task,iteye_18688,2009-07-27 16:10:00,221
Java变量类型,https://blog.csdn.net/u010230476/article/details/40868503?ops_request_misc=%7B%22request%5Fid%22%3A%22158331984519725219912434%22%2C%22scm%22%3A%2220140713.130056874..%22%7D&request_id=158331984519725219912434&biz_id=0&utm_source=distribute.pc_search_result.none-task,慢生活家,2014-11-06 21:39:09,1243
JAVA基础--JAVA平台技术标准总结,https://blog.csdn.net/u011861874/article/details/76650822?ops_request_misc=%7B%22request%5Fid%22%3A%22158331984519725219912434%22%2C%22scm%22%3A%2220140713.130056874..%22%7D&request_id=158331984519725219912434&biz_id=0&utm_source=distribute.pc_search_result.none-task,维亚贝,2017-08-03 20:55:52,581
Java的System.getProperty()方法可以获取的值,https://blog.csdn.net/u013977285/article/details/77197889?ops_request_misc=%7B%22request%5Fid%22%3A%22158331984519725219912434%22%2C%22scm%22%3A%2220140713.130056874..%22%7D&request_id=158331984519725219912434&biz_id=0&utm_source=distribute.pc_search_result.none-task,菜鸟程序员也有梦想,2017-08-15 17:42:11,238
Java中 Int 和Integer 的区别,https://blog.csdn.net/liletian2014/article/details/77622384?ops_request_misc=%7B%22request%5Fid%22%3A%22158331984519725219912434%22%2C%22scm%22%3A%2220140713.130056874..%22%7D&request_id=158331984519725219912434&biz_id=0&utm_source=distribute.pc_search_result.none-task,liletian2014,2017-08-27 19:25:55,904
Java即时聊天,https://blog.csdn.net/wang_j_h/article/details/83190949?ops_request_misc=%7B%22request%5Fid%22%3A%22158331984519725219912434%22%2C%22scm%22%3A%2220140713.130056874..%22%7D&request_id=158331984519725219912434&biz_id=0&utm_source=distribute.pc_search_result.none-task,wang_j_h,2007-10-17 10:11:27,689
